Activity,Samples,Sensitivity,Specificity,Accuracy
Jumping,20,0.55,1.0,0.8875
Standing,21,0.3333333333333333,0.847457627118644,0.7125
Still,20,0.45,1.0,0.8625
Walking,19,0.5263157894736842,0.4426229508196721,0.4625
